-- phpMyAdmin SQL Dump
-- version 5.2.0
-- https://www.phpmyadmin.net/
--
-- Host: 127.0.0.1
-- Generation Time: Jan 10, 2023 at 12:23 PM
-- Server version: 10.4.27-MariaDB
-- PHP Version: 8.2.0

SET SQL_MODE = "NO_AUTO_VALUE_ON_ZERO";
START TRANSACTION;
SET time_zone = "+00:00";


/*!40101 SET @OLD_CHARACTER_SET_CLIENT=@@CHARACTER_SET_CLIENT */;
/*!40101 SET @OLD_CHARACTER_SET_RESULTS=@@CHARACTER_SET_RESULTS */;
/*!40101 SET @OLD_COLLATION_CONNECTION=@@COLLATION_CONNECTION */;
/*!40101 SET NAMES utf8mb4 */;

--
-- Database: `ecommarce`
--

-- --------------------------------------------------------

--
-- Table structure for table `categories`
--

CREATE TABLE `categories` (
  `id` int(11) NOT NULL,
  `name` varchar(128) NOT NULL,
  `description` text NOT NULL,
  `images` varchar(256) NOT NULL,
  `created_at` timestamp NOT NULL DEFAULT current_timestamp()
) ENGINE=InnoDB DEFAULT CHARSET=utf8mb4 COLLATE=utf8mb4_general_ci;

--
-- Dumping data for table `categories`
--

INSERT INTO `categories` (`id`, `name`, `description`, `images`, `created_at`) VALUES
(1, 'Mobile', 'mobile', 'mobail.png', '2022-12-26 05:31:08'),
(2, 'Electronics', 'Electronics', 'eleccrit.png', '2022-12-26 05:31:33'),
(3, 'vehicle', 'vehicle', 'car.png', '2022-12-26 05:31:54'),
(4, 'Property', 'Property', 'pro.png', '2022-12-26 05:32:25'),
(5, 'Fashion', 'Fashion', 'fashon.png', '2022-12-26 05:32:46'),
(6, 'Sports', 'Sports', 'sport.png', '2022-12-26 05:33:13'),
(7, 'Mobail Game', 'okhn', 'mobailsport.png', '2022-12-30 12:26:27'),
(8, 'Food', 'Food', 'food.png', '2023-01-07 16:36:40'),
(9, 'Sports Dress', 'Sports Dress', 'sportsdress.jpg', '2023-01-08 03:22:38'),
(10, 'Dance', 'amiging', '9.png', '2023-01-09 16:42:32');

-- --------------------------------------------------------

--
-- Table structure for table `orderdetails`
--

CREATE TABLE `orderdetails` (
  `id` int(11) NOT NULL,
  `order_id` int(11) NOT NULL,
  `product_id` int(11) NOT NULL,
  `price` float(10,2) NOT NULL,
  `quantity` int(4) NOT NULL DEFAULT 1,
  `op` varchar(128) NOT NULL,
  `created_at` timestamp NOT NULL DEFAULT current_timestamp()
) ENGINE=InnoDB DEFAULT CHARSET=utf8mb4 COLLATE=utf8mb4_general_ci;

--
-- Dumping data for table `orderdetails`
--

INSERT INTO `orderdetails` (`id`, `order_id`, `product_id`, `price`, `quantity`, `op`, `created_at`) VALUES
(1, 11, 3, 5555.00, 1, '', '2022-12-29 06:21:40'),
(2, 11, 8, 77777.00, 1, '', '2022-12-29 06:21:40'),
(3, 11, 5, 18.00, 1, '', '2022-12-29 06:21:40'),
(4, 12, 3, 5555.00, 1, '', '2022-12-29 06:22:21'),
(5, 12, 8, 77777.00, 1, '', '2022-12-29 06:22:21'),
(6, 12, 5, 18.00, 1, '', '2022-12-29 06:22:21'),
(7, 13, 3, 5555.00, 1, '', '2022-12-29 06:23:02'),
(8, 13, 8, 77777.00, 1, '', '2022-12-29 06:23:02'),
(9, 13, 5, 18.00, 1, '', '2022-12-29 06:23:02'),
(10, 14, 3, 5555.00, 1, '', '2022-12-29 06:23:53'),
(11, 14, 8, 77777.00, 1, '', '2022-12-29 06:23:53'),
(12, 14, 5, 18.00, 1, '', '2022-12-29 06:23:53'),
(13, 15, 3, 5555.00, 1, '', '2022-12-29 06:27:31'),
(14, 15, 8, 77777.00, 1, '', '2022-12-29 06:27:31'),
(15, 15, 5, 18.00, 1, '', '2022-12-29 06:27:31'),
(16, 16, 10, 50000.00, 1, '', '2022-12-29 06:29:11'),
(17, 16, 10, 50000.00, 1, '', '2022-12-29 06:29:12'),
(18, 17, 3, 5555.00, 1, '', '2022-12-29 06:29:40'),
(19, 17, 8, 77777.00, 1, '', '2022-12-29 06:29:40'),
(20, 17, 5, 18.00, 1, '', '2022-12-29 06:29:41'),
(21, 18, 10, 50000.00, 1, '', '2022-12-29 06:30:42'),
(22, 18, 10, 50000.00, 1, '', '2022-12-29 06:30:42'),
(23, 19, 10, 50000.00, 1, '', '2022-12-29 06:30:57'),
(24, 19, 10, 50000.00, 1, '', '2022-12-29 06:30:57'),
(25, 20, 3, 5555.00, 1, '', '2022-12-29 06:31:02'),
(26, 20, 8, 77777.00, 1, '', '2022-12-29 06:31:02'),
(27, 20, 5, 18.00, 1, '', '2022-12-29 06:31:02'),
(28, 21, 10, 50000.00, 1, '', '2022-12-29 06:31:10'),
(29, 21, 10, 50000.00, 1, '', '2022-12-29 06:31:10'),
(30, 22, 10, 50000.00, 1, '', '2022-12-29 06:31:25'),
(31, 22, 10, 50000.00, 1, '', '2022-12-29 06:31:25'),
(32, 23, 10, 50000.00, 1, '', '2022-12-29 06:35:01'),
(33, 23, 9, 2100.00, 1, '', '2022-12-29 06:35:02'),
(34, 23, 5, 18.00, 1, '', '2022-12-29 06:35:02'),
(35, 24, 10, 50000.00, 1, '', '2022-12-29 06:50:58'),
(36, 24, 9, 2100.00, 1, '', '2022-12-29 06:50:58'),
(37, 24, 10, 50000.00, 1, '', '2022-12-29 06:50:58'),
(38, 24, 9, 2100.00, 1, '', '2022-12-29 06:50:58'),
(39, 25, 8, 77777.00, 1, '', '2022-12-29 06:51:04'),
(40, 25, 3, 5555.00, 1, '', '2022-12-29 06:51:04'),
(41, 25, 9, 2100.00, 1, '', '2022-12-29 06:51:04'),
(42, 25, 8, 77777.00, 1, '', '2022-12-29 06:51:04'),
(43, 26, 8, 77777.00, 1, '', '2022-12-29 06:51:07'),
(44, 26, 3, 5555.00, 1, '', '2022-12-29 06:51:07'),
(45, 26, 9, 2100.00, 1, '', '2022-12-29 06:51:07'),
(46, 26, 8, 77777.00, 1, '', '2022-12-29 06:51:07'),
(47, 27, 8, 77777.00, 1, '', '2022-12-29 06:51:20'),
(48, 27, 3, 5555.00, 1, '', '2022-12-29 06:51:20'),
(49, 27, 9, 2100.00, 1, '', '2022-12-29 06:51:20'),
(50, 27, 8, 77777.00, 1, '', '2022-12-29 06:51:20'),
(51, 28, 8, 77777.00, 1, '', '2022-12-29 06:51:20'),
(52, 28, 3, 5555.00, 1, '', '2022-12-29 06:51:21'),
(53, 28, 9, 2100.00, 1, '', '2022-12-29 06:51:21'),
(54, 28, 8, 77777.00, 1, '', '2022-12-29 06:51:21'),
(55, 32, 11, 20000.00, 1, '', '2022-12-30 21:11:17'),
(56, 33, 11, 20000.00, 1, '', '2022-12-30 21:28:05'),
(57, 34, 11, 20000.00, 1, '', '2022-12-30 21:29:01'),
(58, 35, 11, 20000.00, 1, '', '2022-12-30 21:33:05'),
(59, 36, 10, 50000.00, 1, '', '2022-12-30 21:47:57'),
(60, 36, 8, 77777.00, 1, '', '2022-12-30 21:47:57'),
(61, 36, 11, 20000.00, 1, '', '2022-12-30 21:47:57'),
(62, 37, 5, 18.00, 1, '', '2022-12-30 21:51:38'),
(63, 37, 11, 20000.00, 1, '', '2022-12-30 21:51:38'),
(64, 38, 5, 18.00, 1, '', '2022-12-30 22:00:01'),
(65, 38, 11, 20000.00, 1, '', '2022-12-30 22:00:01'),
(66, 46, 12, 330000.00, 1, '', '2023-01-04 04:40:08'),
(67, 46, 12, 330000.00, 1, '', '2023-01-04 04:40:08'),
(68, 46, 11, 20000.00, 1, '', '2023-01-04 04:40:08'),
(69, 46, 11, 20000.00, 1, '', '2023-01-04 04:40:08'),
(70, 47, 11, 20000.00, 1, '', '2023-01-04 16:17:37'),
(71, 47, 11, 20000.00, 1, '', '2023-01-04 16:17:37'),
(72, 48, 11, 20000.00, 1, '', '2023-01-04 16:20:10'),
(73, 48, 12, 330000.00, 1, '', '2023-01-04 16:20:10'),
(75, 49, 11, 20000.00, 1, '', '2023-01-04 16:20:17'),
(76, 49, 12, 330000.00, 1, '', '2023-01-04 16:20:17'),
(78, 50, 11, 20000.00, 1, '', '2023-01-04 16:20:18'),
(79, 50, 12, 330000.00, 1, '', '2023-01-04 16:20:18'),
(81, 51, 11, 20000.00, 1, '', '2023-01-04 16:20:19'),
(82, 51, 12, 330000.00, 1, '', '2023-01-04 16:20:19'),
(84, 52, 11, 20000.00, 1, '', '2023-01-04 16:20:19'),
(85, 52, 12, 330000.00, 1, '', '2023-01-04 16:20:19'),
(87, 53, 11, 20000.00, 1, '', '2023-01-04 16:20:19'),
(88, 53, 12, 330000.00, 1, '', '2023-01-04 16:20:19'),
(90, 54, 11, 20000.00, 1, '', '2023-01-04 16:20:19'),
(91, 54, 12, 330000.00, 1, '', '2023-01-04 16:20:19'),
(93, 55, 11, 20000.00, 1, '', '2023-01-04 16:20:20'),
(94, 55, 12, 330000.00, 1, '', '2023-01-04 16:20:20'),
(96, 56, 11, 20000.00, 1, '', '2023-01-04 16:21:10'),
(97, 56, 12, 330000.00, 1, '', '2023-01-04 16:21:10'),
(99, 57, 11, 20000.00, 1, '', '2023-01-04 16:21:12'),
(100, 57, 12, 330000.00, 1, '', '2023-01-04 16:21:12'),
(102, 58, 11, 20000.00, 1, '', '2023-01-04 16:21:13'),
(103, 58, 12, 330000.00, 1, '', '2023-01-04 16:21:13'),
(105, 59, 11, 20000.00, 1, '', '2023-01-04 16:21:13'),
(106, 59, 12, 330000.00, 1, '', '2023-01-04 16:21:13'),
(108, 60, 11, 20000.00, 1, '', '2023-01-04 16:21:14'),
(109, 60, 12, 330000.00, 1, '', '2023-01-04 16:21:14'),
(111, 61, 11, 20000.00, 1, '', '2023-01-04 16:21:14'),
(112, 61, 12, 330000.00, 1, '', '2023-01-04 16:21:14'),
(114, 62, 11, 20000.00, 1, '', '2023-01-04 16:21:14'),
(115, 62, 12, 330000.00, 1, '', '2023-01-04 16:21:14'),
(117, 63, 11, 20000.00, 1, '', '2023-01-04 16:21:14'),
(118, 63, 12, 330000.00, 1, '', '2023-01-04 16:21:14'),
(120, 64, 11, 20000.00, 1, '', '2023-01-04 16:21:14'),
(121, 64, 12, 330000.00, 1, '', '2023-01-04 16:21:14'),
(123, 65, 11, 20000.00, 1, '', '2023-01-04 16:21:14'),
(124, 65, 12, 330000.00, 1, '', '2023-01-04 16:21:14'),
(126, 66, 11, 20000.00, 1, '', '2023-01-04 16:21:15'),
(127, 66, 12, 330000.00, 1, '', '2023-01-04 16:21:15'),
(129, 67, 11, 20000.00, 1, '', '2023-01-04 16:21:15'),
(130, 67, 12, 330000.00, 1, '', '2023-01-04 16:21:15'),
(132, 68, 11, 20000.00, 1, '', '2023-01-04 16:21:15'),
(133, 68, 12, 330000.00, 1, '', '2023-01-04 16:21:15'),
(135, 69, 11, 20000.00, 1, '', '2023-01-04 16:21:15'),
(136, 69, 12, 330000.00, 1, '', '2023-01-04 16:21:15'),
(138, 70, 11, 20000.00, 1, '', '2023-01-04 16:21:16'),
(139, 70, 12, 330000.00, 1, '', '2023-01-04 16:21:16'),
(141, 71, 11, 20000.00, 1, '', '2023-01-04 16:21:16'),
(142, 71, 12, 330000.00, 1, '', '2023-01-04 16:21:16'),
(144, 72, 11, 20000.00, 1, '', '2023-01-04 16:21:17'),
(145, 72, 12, 330000.00, 1, '', '2023-01-04 16:21:17'),
(147, 73, 11, 20000.00, 1, '', '2023-01-04 16:21:17'),
(148, 73, 12, 330000.00, 1, '', '2023-01-04 16:21:17'),
(150, 74, 11, 20000.00, 1, '', '2023-01-04 16:21:18'),
(151, 74, 12, 330000.00, 1, '', '2023-01-04 16:21:18'),
(153, 75, 11, 20000.00, 1, '', '2023-01-04 16:21:19'),
(154, 75, 12, 330000.00, 1, '', '2023-01-04 16:21:19'),
(156, 76, 11, 20000.00, 1, '', '2023-01-04 16:21:20'),
(157, 76, 12, 330000.00, 1, '', '2023-01-04 16:21:20'),
(159, 77, 11, 20000.00, 1, '', '2023-01-04 16:21:26'),
(160, 77, 12, 330000.00, 1, '', '2023-01-04 16:21:26'),
(162, 78, 11, 20000.00, 1, '', '2023-01-04 16:21:26'),
(163, 78, 12, 330000.00, 1, '', '2023-01-04 16:21:26'),
(165, 79, 11, 20000.00, 1, '', '2023-01-04 16:21:29'),
(166, 79, 12, 330000.00, 1, '', '2023-01-04 16:21:29'),
(168, 80, 11, 20000.00, 1, '', '2023-01-04 16:21:29'),
(169, 80, 12, 330000.00, 1, '', '2023-01-04 16:21:29'),
(171, 81, 11, 20000.00, 1, '', '2023-01-04 16:21:39'),
(172, 81, 12, 330000.00, 1, '', '2023-01-04 16:21:39'),
(174, 82, 11, 20000.00, 1, '', '2023-01-04 16:21:39'),
(175, 82, 12, 330000.00, 1, '', '2023-01-04 16:21:39'),
(177, 83, 11, 20000.00, 1, '', '2023-01-04 16:21:39'),
(178, 83, 12, 330000.00, 1, '', '2023-01-04 16:21:39'),
(180, 84, 11, 20000.00, 1, '', '2023-01-04 16:21:40'),
(181, 84, 12, 330000.00, 1, '', '2023-01-04 16:21:40'),
(183, 85, 11, 20000.00, 1, '', '2023-01-04 16:21:40'),
(184, 85, 12, 330000.00, 1, '', '2023-01-04 16:21:40'),
(186, 86, 11, 20000.00, 1, '', '2023-01-04 16:21:40'),
(187, 86, 12, 330000.00, 1, '', '2023-01-04 16:21:40'),
(189, 87, 11, 20000.00, 1, '', '2023-01-04 16:21:40'),
(190, 87, 12, 330000.00, 1, '', '2023-01-04 16:21:40'),
(192, 88, 11, 20000.00, 1, '', '2023-01-05 01:15:30'),
(193, 89, 11, 20000.00, 1, '', '2023-01-05 01:17:09'),
(194, 89, 12, 330000.00, 1, '', '2023-01-05 01:17:09'),
(196, 90, 11, 20000.00, 1, '', '2023-01-05 01:17:12'),
(197, 90, 12, 330000.00, 1, '', '2023-01-05 01:17:12'),
(199, 91, 11, 20000.00, 1, '', '2023-01-05 01:17:14'),
(200, 91, 12, 330000.00, 1, '', '2023-01-05 01:17:14'),
(202, 92, 11, 20000.00, 1, '', '2023-01-05 01:17:14'),
(203, 92, 12, 330000.00, 1, '', '2023-01-05 01:17:14'),
(205, 93, 11, 20000.00, 1, '', '2023-01-05 01:17:15'),
(206, 93, 12, 330000.00, 1, '', '2023-01-05 01:17:15'),
(208, 94, 11, 20000.00, 1, '', '2023-01-05 01:17:15'),
(209, 94, 12, 330000.00, 1, '', '2023-01-05 01:17:15'),
(211, 95, 11, 20000.00, 1, '', '2023-01-05 01:17:15'),
(212, 95, 12, 330000.00, 1, '', '2023-01-05 01:17:15'),
(214, 96, 11, 20000.00, 1, '', '2023-01-05 01:17:15'),
(215, 96, 12, 330000.00, 1, '', '2023-01-05 01:17:15'),
(217, 97, 11, 20000.00, 1, '', '2023-01-05 01:17:15'),
(218, 97, 12, 330000.00, 1, '', '2023-01-05 01:17:15'),
(220, 98, 11, 20000.00, 1, '', '2023-01-05 01:17:15'),
(221, 98, 12, 330000.00, 1, '', '2023-01-05 01:17:15'),
(223, 99, 11, 20000.00, 1, '', '2023-01-05 01:17:16'),
(224, 99, 12, 330000.00, 1, '', '2023-01-05 01:17:16'),
(226, 100, 11, 20000.00, 1, '', '2023-01-05 01:17:16'),
(227, 100, 12, 330000.00, 1, '', '2023-01-05 01:17:16'),
(229, 101, 11, 20000.00, 1, '', '2023-01-05 01:17:16'),
(230, 101, 12, 330000.00, 1, '', '2023-01-05 01:17:16'),
(232, 102, 11, 20000.00, 1, '', '2023-01-05 01:17:16'),
(233, 102, 12, 330000.00, 1, '', '2023-01-05 01:17:16'),
(235, 103, 11, 20000.00, 1, '', '2023-01-05 01:17:17'),
(236, 103, 12, 330000.00, 1, '', '2023-01-05 01:17:17'),
(238, 104, 11, 20000.00, 1, '', '2023-01-05 01:17:17'),
(239, 104, 12, 330000.00, 1, '', '2023-01-05 01:17:17'),
(241, 105, 11, 20000.00, 1, '', '2023-01-05 01:17:51'),
(242, 105, 12, 330000.00, 1, '', '2023-01-05 01:17:51'),
(244, 106, 11, 20000.00, 1, '', '2023-01-05 01:17:53'),
(245, 106, 12, 330000.00, 1, '', '2023-01-05 01:17:53'),
(247, 107, 11, 20000.00, 1, '', '2023-01-05 01:17:58'),
(248, 107, 12, 330000.00, 1, '', '2023-01-05 01:17:58'),
(250, 108, 11, 20000.00, 1, '', '2023-01-05 01:17:59'),
(251, 108, 12, 330000.00, 1, '', '2023-01-05 01:17:59'),
(253, 109, 11, 20000.00, 1, '', '2023-01-05 01:18:00'),
(254, 109, 12, 330000.00, 1, '', '2023-01-05 01:18:00'),
(256, 110, 11, 20000.00, 1, '', '2023-01-05 01:18:01'),
(257, 110, 12, 330000.00, 1, '', '2023-01-05 01:18:01'),
(259, 111, 11, 20000.00, 1, '', '2023-01-05 01:18:01'),
(260, 111, 12, 330000.00, 1, '', '2023-01-05 01:18:01'),
(262, 112, 11, 20000.00, 1, '', '2023-01-05 01:18:01'),
(263, 112, 12, 330000.00, 1, '', '2023-01-05 01:18:01'),
(265, 113, 11, 20000.00, 1, '', '2023-01-05 01:18:12'),
(266, 113, 12, 330000.00, 1, '', '2023-01-05 01:18:12'),
(280, 127, 12, 330000.00, 1, '', '2023-01-05 01:19:08'),
(281, 128, 11, 20000.00, 1, '', '2023-01-05 01:19:33'),
(325, 172, 12, 330000.00, 1, '', '2023-01-06 05:29:08'),
(326, 172, 11, 20000.00, 1, '', '2023-01-06 05:29:08'),
(327, 173, 11, 20000.00, 1, '', '2023-01-06 05:29:36'),
(328, 173, 9, 2100.00, 1, '', '2023-01-06 05:29:36'),
(329, 174, 11, 20000.00, 1, '', '2023-01-06 05:30:06'),
(330, 174, 12, 330000.00, 1, '', '2023-01-06 05:30:06'),
(349, 193, 11, 20000.00, 1, '', '2023-01-06 15:35:20'),
(350, 194, 11, 20000.00, 1, '', '2023-01-06 15:36:58'),
(351, 194, 11, 20000.00, 1, '', '2023-01-06 15:36:58'),
(352, 194, 11, 20000.00, 1, '', '2023-01-06 15:36:58'),
(353, 195, 11, 20000.00, 1, '', '2023-01-07 09:27:41'),
(354, 195, 9, 2100.00, 1, '', '2023-01-07 09:27:41'),
(355, 195, 11, 20000.00, 1, '', '2023-01-07 09:27:41'),
(356, 196, 12, 330000.00, 1, '', '2023-01-07 15:07:50'),
(357, 196, 9, 2100.00, 1, '', '2023-01-07 15:07:50'),
(358, 196, 9, 2100.00, 1, '', '2023-01-07 15:07:50'),
(359, 196, 11, 20000.00, 1, '', '2023-01-07 15:07:50'),
(360, 196, 5, 18.00, 1, '', '2023-01-07 15:07:50'),
(361, 197, 11, 20000.00, 1, '', '2023-01-07 17:12:41'),
(362, 198, 11, 20000.00, 1, '', '2023-01-09 13:32:44'),
(363, 198, 12, 330000.00, 1, '', '2023-01-09 13:32:44'),
(365, 199, 11, 20000.00, 1, '', '2023-01-09 13:32:45'),
(366, 199, 12, 330000.00, 1, '', '2023-01-09 13:32:45'),
(368, 200, 11, 20000.00, 1, '', '2023-01-09 13:32:47'),
(369, 200, 12, 330000.00, 1, '', '2023-01-09 13:32:47'),
(371, 201, 11, 20000.00, 1, '', '2023-01-09 13:32:47'),
(372, 201, 12, 330000.00, 1, '', '2023-01-09 13:32:47'),
(374, 202, 11, 20000.00, 1, '', '2023-01-09 13:32:52'),
(375, 202, 12, 330000.00, 1, '', '2023-01-09 13:32:52'),
(377, 203, 11, 20000.00, 1, '', '2023-01-09 13:32:52'),
(378, 203, 12, 330000.00, 1, '', '2023-01-09 13:32:52'),
(380, 204, 11, 20000.00, 1, '', '2023-01-09 13:32:55'),
(381, 204, 12, 330000.00, 1, '', '2023-01-09 13:32:55'),
(383, 205, 11, 20000.00, 1, '', '2023-01-09 13:32:55'),
(384, 205, 12, 330000.00, 1, '', '2023-01-09 13:32:55'),
(386, 206, 12, 330000.00, 1, '', '2023-01-09 13:33:23'),
(387, 206, 12, 330000.00, 1, '', '2023-01-09 13:33:23'),
(388, 207, 11, 20000.00, 1, '', '2023-01-09 13:33:51'),
(389, 207, 9, 2100.00, 1, '', '2023-01-09 13:33:51'),
(415, 233, 11, 20000.00, 1, '', '2023-01-09 18:24:23'),
(416, 233, 15, 300.00, 1, '', '2023-01-09 18:24:23'),
(417, 233, 10, 50000.00, 1, '', '2023-01-09 18:24:23'),
(418, 234, 11, 20000.00, 1, '', '2023-01-09 18:24:58'),
(419, 234, 8, 77777.00, 1, '', '2023-01-09 18:24:58'),
(420, 234, 5, 18.00, 1, '', '2023-01-09 18:24:58');

-- --------------------------------------------------------

--
-- Table structure for table `orders`
--

CREATE TABLE `orders` (
  `id` int(11) NOT NULL,
  `user_id` int(11) NOT NULL,
  `total` float(10,2) NOT NULL,
  `discount` float(6,2) NOT NULL,
  `comment` varchar(512) NOT NULL,
  `payment` set('cash','bkash','nogod','cod') NOT NULL,
  `trxid` varchar(72) NOT NULL,
  `status` set('pe','pr','sh','co') NOT NULL DEFAULT 'pe' COMMENT '"pending","processing","shipped","completed"',
  `created_at` timestamp NOT NULL DEFAULT current_timestamp()
) ENGINE=InnoDB DEFAULT CHARSET=utf8mb4 COLLATE=utf8mb4_general_ci;

--
-- Dumping data for table `orders`
--

INSERT INTO `orders` (`id`, `user_id`, `total`, `discount`, `comment`, `payment`, `trxid`, `status`, `created_at`) VALUES
(11, 2, 87000.00, 517.50, '123', 'cash', '', 'pe', '2022-12-29 06:21:40'),
(12, 2, 87000.00, 517.50, 'asfdsdaf', 'cash', '', 'pe', '2022-12-29 06:22:21'),
(13, 2, 87394.50, 123.00, 'asdf', 'cash', '', 'pe', '2022-12-29 06:23:01'),
(14, 2, 87394.50, 123.00, 'sdf', 'cash', '', 'pe', '2022-12-29 06:23:53'),
(15, 2, 87000.00, 517.50, '123', 'cash', '', 'pe', '2022-12-29 06:27:31'),
(16, 24, 104934.00, 66.00, 'ergvbt', 'cash', 'dfcrtgetvyvb643', 'pe', '2022-12-29 06:29:11'),
(17, 2, 87394.50, 123.00, 'asdf', 'bkash', 'sadf', 'pe', '2022-12-29 06:29:40'),
(18, 24, 104934.00, 66.00, 'ergvbt', 'cash', 'dfcrtgetvyvb643', 'pe', '2022-12-29 06:30:42'),
(19, 24, 0.00, 0.00, '5cwqfd ', 'cash', '5555523vrfgv', 'pe', '2022-12-29 06:30:57'),
(20, 2, 87394.50, 123.00, 'sdfdsf', 'bkash', '123', 'pe', '2022-12-29 06:31:02'),
(21, 24, 0.00, 0.00, '5cwqfd ', 'cash', '5555523vrfgv', 'pe', '2022-12-29 06:31:10'),
(22, 24, 104985.00, 15.00, 'f v tvrtc', 'cash', 'dfffffffffffffffffffffff', 'pe', '2022-12-29 06:31:25'),
(23, 2, 54700.00, 23.90, '123', 'cash', '123', 'pe', '2022-12-29 06:35:01'),
(24, 24, 109395.00, 15.00, 'sir amr product ta taratari diye diyen', 'cash', 'BD06232025610402', 'pe', '2022-12-29 06:50:57'),
(25, 23, 171339.45, 30.00, 'rytryn6e', 'bkash', 'rtrt', 'pe', '2022-12-29 06:51:04'),
(26, 23, 171339.45, 30.00, 'rytryn6e', 'bkash', 'rtrt', 'pe', '2022-12-29 06:51:07'),
(27, 23, 171339.45, 30.00, 'rytryn6e', 'bkash', 'rtrt', 'pe', '2022-12-29 06:51:20'),
(28, 23, 171339.45, 30.00, 'rytryn6e', 'bkash', 'rtrt', 'pe', '2022-12-29 06:51:20'),
(29, 30, 20950.00, 50.00, 'hello', 'nogod', '', 'pe', '2022-12-30 20:49:13'),
(30, 30, 20950.00, 50.00, 'hii', 'bkash', 'lkm', 'pe', '2022-12-30 20:50:09'),
(31, 30, 20950.00, 50.00, 'hii', 'bkash', 'lkm52', 'pe', '2022-12-30 20:52:35'),
(32, 30, 20900.00, 100.00, 'sdf', 'bkash', 'wse', 'pe', '2022-12-30 21:11:17'),
(33, 30, 20950.00, 50.00, 'okh', 'bkash', 'gh', 'pe', '2022-12-30 21:28:05'),
(34, 30, 21000.00, 0.00, 'okh', 'bkash', 'gg', 'pe', '2022-12-30 21:29:01'),
(35, 30, 20000.00, 1000.00, 'loo', 'nogod', 'sdfa', 'pe', '2022-12-30 21:33:05'),
(36, 30, 154965.84, 200.00, 'kjuy', 'cash', '', 'pe', '2022-12-30 21:47:57'),
(37, 30, 20988.90, 30.00, 'jmm', 'nogod', 'lk21', 'pe', '2022-12-30 21:51:38'),
(38, 30, 20988.85, 30.05, 'okh', 'bkash', 'aebi', 'pe', '2022-12-30 22:00:01'),
(39, 30, 0.00, 0.00, 'hello', 'cash', 'drtg', 'pe', '2023-01-02 03:01:42'),
(40, 30, 0.00, 0.00, 'hello', 'cash', 'drtg', 'pe', '2023-01-02 03:01:45'),
(41, 30, 0.00, 0.00, 'hello', 'cash', 'drtg', 'pe', '2023-01-02 03:01:47'),
(42, 30, 0.00, 0.00, 'hello', 'cash', 'drtg', 'pe', '2023-01-02 03:01:48'),
(43, 30, 0.00, 0.00, 'hello', 'cash', 'drtg', 'pe', '2023-01-02 03:01:48'),
(44, 30, 0.00, 0.00, 'hello', 'cash', 'drtg', 'pe', '2023-01-02 03:01:48'),
(45, 30, 0.00, 0.00, 'hello', 'cash', 'drtg', 'pe', '2023-01-02 03:01:48'),
(46, 30, 734950.00, 50.00, 'ok man ', 'bkash', 'lko25', 'pe', '2023-01-04 04:40:08'),
(47, 30, 0.00, 20.00, 'dddd', 'bkash', 'fhkk', 'pe', '2023-01-04 16:17:37'),
(48, 30, 388480.00, 20.00, 'my', 'nogod', 'frryh', 'pe', '2023-01-04 16:20:10'),
(49, 30, 388480.00, 20.00, 'my', 'nogod', 'frryh', 'pe', '2023-01-04 16:20:17'),
(50, 30, 388480.00, 20.00, 'my', 'nogod', 'frryh', 'pe', '2023-01-04 16:20:18'),
(51, 30, 388480.00, 20.00, 'my', 'nogod', 'frryh', 'pe', '2023-01-04 16:20:19'),
(52, 30, 388480.00, 20.00, 'my', 'nogod', 'frryh', 'pe', '2023-01-04 16:20:19'),
(53, 30, 388480.00, 20.00, 'my', 'nogod', 'frryh', 'pe', '2023-01-04 16:20:19'),
(54, 30, 388480.00, 20.00, 'my', 'nogod', 'frryh', 'pe', '2023-01-04 16:20:19'),
(55, 30, 388480.00, 20.00, 'my', 'nogod', 'frryh', 'pe', '2023-01-04 16:20:20'),
(56, 30, 388500.00, 0.00, 'mmmmmmm', 'nogod', 'dfrty', 'pe', '2023-01-04 16:21:10'),
(57, 30, 388500.00, 0.00, 'mmmmmmm', 'nogod', 'dfrty', 'pe', '2023-01-04 16:21:12'),
(58, 30, 388500.00, 0.00, 'mmmmmmm', 'nogod', 'dfrty', 'pe', '2023-01-04 16:21:13'),
(59, 30, 388500.00, 0.00, 'mmmmmmm', 'nogod', 'dfrty', 'pe', '2023-01-04 16:21:13'),
(60, 30, 388500.00, 0.00, 'mmmmmmm', 'nogod', 'dfrty', 'pe', '2023-01-04 16:21:14'),
(61, 30, 388500.00, 0.00, 'mmmmmmm', 'nogod', 'dfrty', 'pe', '2023-01-04 16:21:14'),
(62, 30, 388500.00, 0.00, 'mmmmmmm', 'nogod', 'dfrty', 'pe', '2023-01-04 16:21:14'),
(63, 30, 388500.00, 0.00, 'mmmmmmm', 'nogod', 'dfrty', 'pe', '2023-01-04 16:21:14'),
(64, 30, 388500.00, 0.00, 'mmmmmmm', 'nogod', 'dfrty', 'pe', '2023-01-04 16:21:14'),
(65, 30, 388500.00, 0.00, 'mmmmmmm', 'nogod', 'dfrty', 'pe', '2023-01-04 16:21:14'),
(66, 30, 388500.00, 0.00, 'mmmmmmm', 'nogod', 'dfrty', 'pe', '2023-01-04 16:21:15'),
(67, 30, 388500.00, 0.00, 'mmmmmmm', 'nogod', 'dfrty', 'pe', '2023-01-04 16:21:15'),
(68, 30, 388500.00, 0.00, 'mmmmmmm', 'nogod', 'dfrty', 'pe', '2023-01-04 16:21:15'),
(69, 30, 388500.00, 0.00, 'mmmmmmm', 'nogod', 'dfrty', 'pe', '2023-01-04 16:21:15'),
(70, 30, 388500.00, 0.00, 'mmmmmmm', 'nogod', 'dfrty', 'pe', '2023-01-04 16:21:16'),
(71, 30, 388500.00, 0.00, 'mmmmmmm', 'nogod', 'dfrty', 'pe', '2023-01-04 16:21:16'),
(72, 30, 388500.00, 0.00, 'mmmmmmm', 'nogod', 'dfrty', 'pe', '2023-01-04 16:21:17'),
(73, 30, 388500.00, 0.00, 'mmmmmmm', 'nogod', 'dfrty', 'pe', '2023-01-04 16:21:17'),
(74, 30, 388500.00, 0.00, 'mmmmmmm', 'nogod', 'dfrty', 'pe', '2023-01-04 16:21:18'),
(75, 30, 388500.00, 0.00, 'mmmmmmm', 'nogod', 'dfrty', 'pe', '2023-01-04 16:21:19'),
(76, 30, 388500.00, 0.00, 'mmmmmmm', 'nogod', 'dfrty', 'pe', '2023-01-04 16:21:20'),
(77, 30, 388500.00, 0.00, 'mmmmmmm', 'nogod', 'dfrty', 'pe', '2023-01-04 16:21:26'),
(78, 30, 388500.00, 0.00, 'mmmmmmm', 'nogod', 'dfrty', 'pe', '2023-01-04 16:21:26'),
(79, 30, 388500.00, 0.00, 'mmmmmmm', 'nogod', 'dfrty', 'pe', '2023-01-04 16:21:29'),
(80, 30, 388500.00, 0.00, 'mmmmmmm', 'nogod', 'dfrty', 'pe', '2023-01-04 16:21:29'),
(81, 30, 388500.00, 0.00, 'mmmmmmm', 'nogod', 'dfrty', 'pe', '2023-01-04 16:21:39'),
(82, 30, 388500.00, 0.00, 'mmmmmmm', 'nogod', 'dfrty', 'pe', '2023-01-04 16:21:39'),
(83, 30, 388500.00, 0.00, 'mmmmmmm', 'nogod', 'dfrty', 'pe', '2023-01-04 16:21:39'),
(84, 30, 388500.00, 0.00, 'mmmmmmm', 'nogod', 'dfrty', 'pe', '2023-01-04 16:21:40'),
(85, 30, 388500.00, 0.00, 'mmmmmmm', 'nogod', 'dfrty', 'pe', '2023-01-04 16:21:40'),
(86, 30, 388500.00, 0.00, 'mmmmmmm', 'nogod', 'dfrty', 'pe', '2023-01-04 16:21:40'),
(87, 30, 388500.00, 0.00, 'mmmmmmm', 'nogod', 'dfrty', 'pe', '2023-01-04 16:21:40'),
(88, 30, 21000.00, 0.00, 'jmmm', 'bkash', 'hjmk', 'pe', '2023-01-05 01:15:30'),
(89, 30, 410000.00, 9999.99, 'okkkkkk', 'nogod', 'jnk', 'pe', '2023-01-05 01:17:09'),
(90, 30, 410000.00, 9999.99, 'okkkkkk', 'nogod', 'jnk', 'pe', '2023-01-05 01:17:12'),
(91, 30, 410000.00, 9999.99, 'okkkkkk', 'nogod', 'jnk', 'pe', '2023-01-05 01:17:14'),
(92, 30, 410000.00, 9999.99, 'okkkkkk', 'nogod', 'jnk', 'pe', '2023-01-05 01:17:14'),
(93, 30, 410000.00, 9999.99, 'okkkkkk', 'nogod', 'jnk', 'pe', '2023-01-05 01:17:15'),
(94, 30, 410000.00, 9999.99, 'okkkkkk', 'nogod', 'jnk', 'pe', '2023-01-05 01:17:15'),
(95, 30, 410000.00, 9999.99, 'okkkkkk', 'nogod', 'jnk', 'pe', '2023-01-05 01:17:15'),
(96, 30, 410000.00, 9999.99, 'okkkkkk', 'nogod', 'jnk', 'pe', '2023-01-05 01:17:15'),
(97, 30, 410000.00, 9999.99, 'okkkkkk', 'nogod', 'jnk', 'pe', '2023-01-05 01:17:15'),
(98, 30, 410000.00, 9999.99, 'okkkkkk', 'nogod', 'jnk', 'pe', '2023-01-05 01:17:15'),
(99, 30, 410000.00, 9999.99, 'okkkkkk', 'nogod', 'jnk', 'pe', '2023-01-05 01:17:16'),
(100, 30, 410000.00, 9999.99, 'okkkkkk', 'nogod', 'jnk', 'pe', '2023-01-05 01:17:16'),
(101, 30, 410000.00, 9999.99, 'okkkkkk', 'nogod', 'jnk', 'pe', '2023-01-05 01:17:16'),
(102, 30, 410000.00, 9999.99, 'okkkkkk', 'nogod', 'jnk', 'pe', '2023-01-05 01:17:16'),
(103, 30, 410000.00, 9999.99, 'okkkkkk', 'nogod', 'jnk', 'pe', '2023-01-05 01:17:17'),
(104, 30, 410000.00, 9999.99, 'okkkkkk', 'nogod', 'jnk', 'pe', '2023-01-05 01:17:17'),
(105, 30, 410000.00, 9999.99, '', 'nogod', 'hnjik', 'pe', '2023-01-05 01:17:51'),
(106, 30, 410000.00, 9999.99, '', 'nogod', 'hnjik', 'pe', '2023-01-05 01:17:53'),
(107, 30, 410000.00, 9999.99, '', 'bkash', 'hnjik', 'pe', '2023-01-05 01:17:58'),
(108, 30, 410000.00, 9999.99, '', 'bkash', 'hnjik', 'pe', '2023-01-05 01:17:59'),
(109, 30, 410000.00, 9999.99, '', 'bkash', 'hnjik', 'pe', '2023-01-05 01:18:00'),
(110, 30, 410000.00, 9999.99, '', 'bkash', 'hnjik', 'pe', '2023-01-05 01:18:01'),
(111, 30, 410000.00, 9999.99, '', 'bkash', 'hnjik', 'pe', '2023-01-05 01:18:01'),
(112, 30, 410000.00, 9999.99, '', 'bkash', 'hnjik', 'pe', '2023-01-05 01:18:01'),
(113, 30, 367500.00, 0.00, '', 'bkash', 'nn', 'pe', '2023-01-05 01:18:12'),
(114, 30, 346470.00, 30.00, '', 'nogod', 'n', 'pe', '2023-01-05 01:18:43'),
(115, 30, 346470.00, 30.00, '', 'nogod', 'n', 'pe', '2023-01-05 01:18:45'),
(116, 30, 346470.00, 30.00, '', 'nogod', 'n', 'pe', '2023-01-05 01:18:47'),
(117, 30, 346470.00, 30.00, '', 'nogod', 'n', 'pe', '2023-01-05 01:18:47'),
(118, 30, 346470.00, 30.00, '', 'nogod', 'n', 'pe', '2023-01-05 01:18:48'),
(119, 30, 346470.00, 30.00, '', 'nogod', 'n', 'pe', '2023-01-05 01:18:48'),
(120, 30, 346470.00, 30.00, '', 'nogod', 'n', 'pe', '2023-01-05 01:18:48'),
(121, 30, 346470.00, 30.00, '', 'nogod', 'n', 'pe', '2023-01-05 01:18:48'),
(122, 30, 346470.00, 30.00, '', 'nogod', 'n', 'pe', '2023-01-05 01:18:48'),
(123, 30, 346470.00, 30.00, '', 'nogod', 'n', 'pe', '2023-01-05 01:18:48'),
(124, 30, 346470.00, 30.00, '', 'nogod', 'n', 'pe', '2023-01-05 01:18:49'),
(125, 30, 346470.00, 30.00, '', 'nogod', 'n', 'pe', '2023-01-05 01:18:49'),
(126, 30, 346470.00, 30.00, '', 'nogod', 'n', 'pe', '2023-01-05 01:18:49'),
(127, 30, 346495.00, 5.00, '', 'cash', 'nm', 'pe', '2023-01-05 01:19:08'),
(128, 30, 20970.00, 30.00, '', 'bkash', 'mk', 'pe', '2023-01-05 01:19:33'),
(129, 30, 20970.00, 30.00, '', 'cash', 'nk', 'pe', '2023-01-05 01:20:00'),
(130, 30, 20970.00, 30.00, '', 'cash', 'nk', 'pe', '2023-01-05 01:20:01'),
(131, 30, 20970.00, 30.00, '', 'cash', 'nk', 'pe', '2023-01-05 01:20:01'),
(132, 30, 20970.00, 30.00, '', 'cash', 'nk', 'pe', '2023-01-05 01:20:02'),
(133, 30, 20970.00, 30.00, '', 'cash', 'nk', 'pe', '2023-01-05 01:20:02'),
(134, 30, 20970.00, 30.00, '', 'cash', 'nk', 'pe', '2023-01-05 01:20:56'),
(135, 30, 20970.00, 30.00, '', 'cash', 'nk', 'pe', '2023-01-05 01:20:56'),
(136, 30, 20970.00, 30.00, '', 'cash', 'nk', 'pe', '2023-01-05 01:20:57'),
(137, 30, 41000.00, 1000.00, 'kmmmmmm', 'bkash', 'hgyt', 'pe', '2023-01-06 05:22:15'),
(138, 30, 41000.00, 1000.00, 'kmmmmmm', 'bkash', 'hgyt', 'pe', '2023-01-06 05:22:17'),
(139, 30, 41000.00, 1000.00, 'kmmmmmm', 'bkash', 'hgyt', 'pe', '2023-01-06 05:22:17'),
(140, 30, 41000.00, 1000.00, 'kmmmmmm', 'bkash', 'hgyt', 'pe', '2023-01-06 05:22:18'),
(141, 30, 41000.00, 1000.00, 'kmmmmmm', 'bkash', 'hgyt', 'pe', '2023-01-06 05:22:18'),
(142, 30, 41000.00, 1000.00, 'kmmmmmm', 'bkash', 'hgyt', 'pe', '2023-01-06 05:22:18'),
(143, 30, 41000.00, 1000.00, 'kmmmmmm', 'bkash', 'hgyt', 'pe', '2023-01-06 05:22:19'),
(144, 30, 41000.00, 1000.00, 'kmmmmmm', 'bkash', 'hgyt', 'pe', '2023-01-06 05:22:19'),
(145, 30, 41000.00, 1000.00, 'kmmmmmm', 'bkash', 'hgyt', 'pe', '2023-01-06 05:22:19'),
(146, 30, 41000.00, 1000.00, 'kmmmmmm', 'bkash', 'hgyt', 'pe', '2023-01-06 05:22:19'),
(147, 30, 41000.00, 1000.00, 'kmmmmmm', 'bkash', 'hgyt', 'pe', '2023-01-06 05:22:19'),
(148, 30, 41000.00, 1000.00, 'kmmmmmm', 'bkash', 'hgyt', 'pe', '2023-01-06 05:22:19'),
(149, 30, 41000.00, 1000.00, 'kmmmmmm', 'bkash', 'hgyt', 'pe', '2023-01-06 05:22:20'),
(150, 30, 41000.00, 1000.00, 'kmmmmmm', 'bkash', 'hgyt', 'pe', '2023-01-06 05:22:20'),
(151, 30, 41000.00, 1000.00, 'kmmmmmm', 'bkash', 'hgyt', 'pe', '2023-01-06 05:22:20'),
(152, 30, 41000.00, 1000.00, 'kmmmmmm', 'bkash', 'hgyt', 'pe', '2023-01-06 05:22:20'),
(153, 30, 41000.00, 1000.00, 'kmmmmmm', 'bkash', 'hgyt', 'pe', '2023-01-06 05:22:21'),
(154, 30, 41000.00, 1000.00, 'kmmmmmm', 'bkash', 'hgyt', 'pe', '2023-01-06 05:22:21'),
(155, 30, 41000.00, 1000.00, 'kmmmmmm', 'bkash', 'hgyt', 'pe', '2023-01-06 05:22:21'),
(156, 30, 41000.00, 1000.00, 'kmmmmmm', 'bkash', 'hgyt', 'pe', '2023-01-06 05:22:21'),
(157, 30, 41000.00, 1000.00, 'kmmmmmm', 'bkash', 'hgyt', 'pe', '2023-01-06 05:22:22'),
(158, 30, 41000.00, 1000.00, 'kmmmmmm', 'bkash', 'hgyt', 'pe', '2023-01-06 05:22:25'),
(159, 30, 41000.00, 1000.00, 'kmmmmmm', 'bkash', 'hgyt', 'pe', '2023-01-06 05:22:26'),
(160, 30, 41000.00, 1000.00, 'kmmmmmm', 'bkash', 'hgyt', 'pe', '2023-01-06 05:22:26'),
(161, 30, 41000.00, 1000.00, 'kmmmmmm', 'bkash', 'hgyt', 'pe', '2023-01-06 05:22:28'),
(162, 30, 41000.00, 1000.00, 'kmmmmmm', 'bkash', 'hgyt', 'pe', '2023-01-06 05:22:30'),
(163, 30, 41000.00, 1000.00, 'kmmmmmm', 'bkash', 'hgyt', 'pe', '2023-01-06 05:22:30'),
(164, 30, 41000.00, 1000.00, 'kmmmmmm', 'bkash', 'hgyt', 'pe', '2023-01-06 05:22:31'),
(165, 30, 41000.00, 1000.00, 'kmmmmmm', 'bkash', 'hgyt', 'pe', '2023-01-06 05:22:33'),
(166, 30, 41000.00, 1000.00, 'kmmmmmm', 'bkash', 'hgyt', 'pe', '2023-01-06 05:22:34'),
(167, 30, 41000.00, 1000.00, 'kmmmmmm', 'bkash', 'hgyt', 'pe', '2023-01-06 05:22:34'),
(168, 30, 41000.00, 1000.00, 'kmmmmmm', 'bkash', 'hgyt', 'pe', '2023-01-06 05:22:35'),
(169, 30, 41000.00, 1000.00, 'kmmmmmm', 'bkash', 'hgyt', 'pe', '2023-01-06 05:22:36'),
(170, 30, 41000.00, 1000.00, 'kmmmmmm', 'bkash', 'hgyt', 'pe', '2023-01-06 05:22:37'),
(171, 30, 41000.00, 1000.00, 'kmmmmmm', 'bkash', 'hgyt', 'pe', '2023-01-06 05:22:37'),
(172, 30, 367470.00, 30.00, '', 'cash', 'njk', 'pe', '2023-01-06 05:29:08'),
(173, 30, 23175.00, 30.00, '', 'cash', 'mko', 'pe', '2023-01-06 05:29:36'),
(174, 30, 367470.00, 30.00, '', 'nogod', 'cfr', 'pe', '2023-01-06 05:30:06'),
(175, 30, 367470.00, 30.00, '', 'bkash', 'huyt', 'pe', '2023-01-06 15:27:29'),
(176, 30, 367470.00, 30.00, '', 'bkash', 'huyt', 'pe', '2023-01-06 15:27:30'),
(177, 30, 367470.00, 30.00, '', 'bkash', 'huyt', 'pe', '2023-01-06 15:27:31'),
(178, 30, 367470.00, 30.00, '', 'bkash', 'huyt', 'pe', '2023-01-06 15:27:32'),
(179, 30, 367470.00, 30.00, '', 'bkash', 'huyt', 'pe', '2023-01-06 15:27:32'),
(180, 30, 367470.00, 30.00, '', 'bkash', 'huyt', 'pe', '2023-01-06 15:27:32'),
(181, 30, 346470.00, 30.00, '', 'cash', 'njhg', 'pe', '2023-01-06 15:29:57'),
(182, 30, 346470.00, 30.00, '', 'cash', 'njhg', 'pe', '2023-01-06 15:29:59'),
(183, 30, 346470.00, 30.00, '', 'cash', 'njhg', 'pe', '2023-01-06 15:29:59'),
(184, 30, 346470.00, 30.00, '', 'cash', 'njhg', 'pe', '2023-01-06 15:30:00'),
(185, 30, 346470.00, 30.00, '', 'cash', 'njhg', 'pe', '2023-01-06 15:30:00'),
(186, 30, 346470.00, 30.00, '', 'cash', 'njhg', 'pe', '2023-01-06 15:30:00'),
(187, 30, 346470.00, 30.00, '', 'cash', 'njhg', 'pe', '2023-01-06 15:30:00'),
(188, 30, 346470.00, 30.00, '', 'cash', 'njhg', 'pe', '2023-01-06 15:30:00'),
(189, 30, 346470.00, 30.00, '', 'cash', 'njhg', 'pe', '2023-01-06 15:30:00'),
(190, 30, 346470.00, 30.00, '', 'cash', 'njhg', 'pe', '2023-01-06 15:30:01'),
(191, 30, 346470.00, 30.00, '', 'cash', 'njhg', 'sh', '2023-01-06 15:30:01'),
(192, 30, 346470.00, 30.00, '', 'cash', 'njhg', 'pe', '2023-01-06 15:30:01'),
(193, 30, 20970.00, 30.00, '', 'bkash', 'sdf', 'pe', '2023-01-06 15:35:20'),
(194, 30, 62800.00, 200.00, '', 'cash', 'hyut', 'co', '2023-01-06 15:36:58'),
(195, 30, 44000.00, 205.00, 'homma', 'nogod', 'hsi', 'pr', '2023-01-07 09:27:41'),
(196, 30, 371898.91, 30.00, 'uuuuu', 'cash', 'hgy', 'pe', '2023-01-07 15:07:50'),
(197, 30, 20970.00, 30.00, '', 'nogod', 'huy', 'pe', '2023-01-07 17:12:41'),
(198, 30, 710000.00, 4000.00, 'kluiiiii', 'bkash', 'mjkiu', 'pe', '2023-01-09 13:32:44'),
(199, 30, 710000.00, 4000.00, 'kluiiiii', 'bkash', 'mjkiu', 'pe', '2023-01-09 13:32:45'),
(200, 30, 710000.00, 4000.00, 'kluiiiii', 'bkash', 'mjkiu', 'pe', '2023-01-09 13:32:47'),
(201, 30, 710000.00, 4000.00, 'kluiiiii', 'bkash', 'mjkiu', 'pe', '2023-01-09 13:32:47'),
(202, 30, 710000.00, 4000.00, 'kluiiiii', 'bkash', 'mjkiu', 'pe', '2023-01-09 13:32:52'),
(203, 30, 710000.00, 4000.00, 'kluiiiii', 'bkash', 'mjkiu', 'pe', '2023-01-09 13:32:52'),
(204, 30, 710000.00, 4000.00, 'kluiiiii', 'bkash', 'mjkiu', 'pe', '2023-01-09 13:32:55'),
(205, 30, 710000.00, 4000.00, 'kluiiiii', 'bkash', 'mjkiu', 'pe', '2023-01-09 13:32:55'),
(206, 30, 692970.00, 30.00, 'mkk', 'bkash', 'njjj', 'pe', '2023-01-09 13:33:23'),
(207, 30, 23175.00, 30.00, 'kkkk', 'bkash', 'jhuu', 'pe', '2023-01-09 13:33:51'),
(208, 30, 20970.00, 30.00, 'nnnnnn', 'bkash', 'hiu', 'pe', '2023-01-09 13:34:17'),
(209, 30, 20970.00, 30.00, 'nnnnnn', 'bkash', 'hiu', 'pe', '2023-01-09 13:34:18'),
(210, 30, 20970.00, 30.00, 'nnnnnn', 'bkash', 'hiu', 'pe', '2023-01-09 13:34:18'),
(211, 30, 20970.00, 30.00, 'nnnnnn', 'bkash', 'hiu', 'pe', '2023-01-09 13:34:19'),
(212, 30, 20970.00, 30.00, 'nnnnnn', 'bkash', 'hiu', 'pe', '2023-01-09 13:34:19'),
(213, 30, 20970.00, 30.00, 'nnnnnn', 'bkash', 'hiu', 'pe', '2023-01-09 13:34:19'),
(214, 30, 20970.00, 30.00, 'nnnnnn', 'bkash', 'hiu', 'pe', '2023-01-09 13:34:19'),
(215, 30, 41970.00, 30.00, '', 'bkash', 'jkhuu', 'pe', '2023-01-09 13:34:56'),
(216, 30, 41970.00, 30.00, '', 'bkash', 'jkhuu', 'pe', '2023-01-09 13:34:57'),
(217, 30, 41970.00, 30.00, '', 'bkash', 'jkhuu', 'pe', '2023-01-09 13:34:57'),
(218, 30, 41970.00, 30.00, '', 'bkash', 'jkhuu', 'pe', '2023-01-09 13:34:58'),
(219, 30, 41970.00, 30.00, '', 'bkash', 'jkhuu', 'pe', '2023-01-09 13:34:58'),
(220, 30, 41970.00, 30.00, '', 'bkash', 'jkhuu', 'pe', '2023-01-09 13:34:58'),
(221, 30, 41970.00, 30.00, '', 'bkash', 'jkhuu', 'pe', '2023-01-09 13:34:58'),
(222, 30, 41970.00, 30.00, '', 'bkash', 'jkhuu', 'pe', '2023-01-09 13:34:59'),
(223, 30, 41970.00, 30.00, '', 'bkash', 'jkhuu', 'pe', '2023-01-09 13:34:59'),
(224, 30, 41970.00, 30.00, '', 'bkash', 'jkhuu', 'pe', '2023-01-09 13:34:59'),
(225, 30, 41970.00, 30.00, '', 'bkash', 'jkhuu', 'pe', '2023-01-09 13:34:59'),
(226, 30, 41970.00, 30.00, '', 'bkash', 'jkhuu', 'pe', '2023-01-09 13:35:00'),
(227, 30, 41970.00, 30.00, '', 'bkash', 'jkhuu', 'pe', '2023-01-09 13:35:01'),
(228, 30, 41970.00, 30.00, '', 'bkash', 'jkhuu', 'pe', '2023-01-09 13:35:01'),
(233, 30, 73613.00, 202.00, '', 'cash', 'nnn', 'pe', '2023-01-09 18:24:23'),
(234, 30, 102482.75, 202.00, '', 'bkash', 'jjj', 'pe', '2023-01-09 18:24:58'),
(235, 30, 285.00, 30.00, '', 'nogod', 'bb', 'pe', '2023-01-09 18:25:25'),
(236, 30, 285.00, 30.00, '', 'nogod', 'bb', 'pe', '2023-01-09 18:25:27'),
(237, 30, 285.00, 30.00, '', 'nogod', 'bb', 'pe', '2023-01-09 18:25:27'),
(238, 30, 21113.00, 202.00, '', 'cash', 'hhh', 'pe', '2023-01-09 18:26:10'),
(239, 30, 21113.00, 202.00, '', 'cash', 'hhh', 'pe', '2023-01-09 18:26:11'),
(240, 30, 21113.00, 202.00, '', 'cash', 'hhh', 'pe', '2023-01-09 18:26:11'),
(241, 30, 21113.00, 202.00, '', 'cash', 'm,mmm', 'pe', '2023-01-09 18:30:08'),
(242, 30, 21113.00, 202.00, '', 'cash', 'm,mmm', 'pe', '2023-01-09 18:30:09'),
(243, 30, 21113.00, 202.00, '', 'cash', 'm,mmm', 'pe', '2023-01-09 18:30:09'),
(244, 30, 285.00, 30.00, '', 'cash', ',,,,', 'pe', '2023-01-09 18:30:39'),
(245, 30, 285.00, 30.00, '', 'cash', ',,,,', 'pe', '2023-01-09 18:30:40'),
(246, 30, 285.00, 30.00, '', 'cash', ',,,,', 'pe', '2023-01-09 18:30:40'),
(247, 30, 285.00, 30.00, '', 'cash', ',,,,', 'pe', '2023-01-09 18:30:40'),
(248, 30, 285.00, 30.00, '', 'cash', ',,,,', 'pe', '2023-01-09 18:30:40'),
(249, 30, 285.00, 30.00, '', 'cash', ',,,,', 'pe', '2023-01-09 18:30:41'),
(250, 30, 285.00, 30.00, '', 'cash', ',,,,', 'pe', '2023-01-09 18:30:41'),
(251, 30, 285.00, 30.00, '', 'cash', ',,,,', 'pe', '2023-01-09 18:30:41'),
(252, 30, 285.00, 30.00, '', 'cash', ',,,,', 'pe', '2023-01-09 18:30:41'),
(253, 30, 2003.00, 202.00, '', 'cash', 'mmm', 'pe', '2023-01-09 18:34:31'),
(254, 30, 2003.00, 202.00, '', 'cash', 'mmm', 'pe', '2023-01-09 18:34:33'),
(255, 30, 2003.00, 202.00, '', 'cash', 'mmm', 'pe', '2023-01-09 18:34:33');

-- --------------------------------------------------------

--
-- Table structure for table `products`
--

CREATE TABLE `products` (
  `id` int(11) NOT NULL,
  `sku` varchar(128) NOT NULL,
  `category_id` int(11) NOT NULL,
  `subcategory_id` int(11) NOT NULL,
  `name` varchar(256) NOT NULL,
  `description` text NOT NULL,
  `price` float(10,2) NOT NULL,
  `quantity` int(11) NOT NULL,
  `images` varchar(512) NOT NULL,
  `discount` int(11) NOT NULL DEFAULT 0,
  `hot` set('0','1') NOT NULL DEFAULT '1',
  `created_at` timestamp NOT NULL DEFAULT current_timestamp()
) ENGINE=InnoDB DEFAULT CHARSET=utf8mb4 COLLATE=utf8mb4_general_ci;

--
-- Dumping data for table `products`
--

INSERT INTO `products` (`id`, `sku`, `category_id`, `subcategory_id`, `name`, `description`, `price`, `quantity`, `images`, `discount`, `hot`, `created_at`) VALUES
(3, 'asd', 2, 3, 'asdasd', 'asdffdsgdfg', 5555.00, 44, '63a9450d7c3d2.png', 3, '1', '2022-12-26 06:54:05'),
(5, '99', 1, 2, 'Redmi Note 9', 'Redmi Note 9 is a line of Android-based smartphones as part of the Redmi Note series by Redmi, a sub-brand of Xiaomi Inc.', 18.00, 1, '63a9464c8d07d.png', 10, '1', '2022-12-26 06:59:24'),
(8, 'mobbb', 2, 4, 'asdfasdf', 'asdfasdfdsa fdsafsdaf', 77777.00, 40, '63a949435589f.png', 0, '1', '2022-12-26 07:12:03'),
(9, 'sku', 2, 4, 'Rafi', 'none', 2100.00, 2, '63a9498b6856f.png', 21, '1', '2022-12-26 07:13:15'),
(10, 'dell12345', 2, 3, 'Dell Latitude', 'some desc', 50000.00, 50, '63aaf39fa58dd.png', 2, '1', '2022-12-27 13:31:11'),
(11, 'ghjk', 1, 1, 'oxx', 'gfhksl', 20000.00, 22, '63aed883be56d.png', 17, '1', '2022-12-30 12:24:35'),
(12, 'jokk2', 2, 3, 'asus2', 'This is a wider card with supporting text below lead-in to additional content.', 320002.00, 322, '63b2424410155.png', 202, '0', '2023-01-02 02:32:36'),
(15, '1', 10, 8, 'dancer', 'opps', 300.00, 3, '63bc448a5d79e.png', 3, '0', '2023-01-09 16:44:58');

-- --------------------------------------------------------

--
-- Table structure for table `subcategories`
--

CREATE TABLE `subcategories` (
  `id` int(11) NOT NULL,
  `category_id` int(11) NOT NULL,
  `name` varchar(128) NOT NULL,
  `description` text NOT NULL,
  `images` varchar(256) NOT NULL,
  `created_at` timestamp NOT NULL DEFAULT current_timestamp()
) ENGINE=InnoDB DEFAULT CHARSET=utf8mb4 COLLATE=utf8mb4_general_ci;

--
-- Dumping data for table `subcategories`
--

INSERT INTO `subcategories` (`id`, `category_id`, `name`, `description`, `images`, `created_at`) VALUES
(1, 1, 'Button Phone', 'Button Phone', 'phone1.png', '2022-12-26 05:34:00'),
(2, 1, 'Smart Phone', 'Smart Phone', 'phone2.png', '2022-12-26 05:34:24'),
(3, 2, 'Laptops', 'Laptops', 'laptop.png', '2022-12-26 05:40:33'),
(4, 2, 'Desktop', 'Desktop', 'desktop.png', '2022-12-26 05:40:58'),
(5, 2, 'lite', 'hskiey', '63aed8ccd0127.png', '2022-12-30 12:25:48'),
(6, 9, 'Jersey', 'jersey', 'jersey.jpg', '2023-01-08 03:23:54'),
(7, 9, 'shu', 'shu', 'shu.png', '2023-01-08 03:27:36'),
(8, 10, 'bele-dance', 'wow', '63bc442b576fd.png', '2023-01-09 16:43:23');

-- --------------------------------------------------------

--
-- Table structure for table `users`
--

CREATE TABLE `users` (
  `id` int(11) NOT NULL,
  `name` varchar(128) NOT NULL,
  `email` varchar(128) NOT NULL,
  `password` varchar(256) NOT NULL,
  `role` set('1','2','3') NOT NULL DEFAULT '1',
  `created_at` timestamp NOT NULL DEFAULT current_timestamp()
) ENGINE=InnoDB DEFAULT CHARSET=utf8mb4 COLLATE=utf8mb4_general_ci;

--
-- Dumping data for table `users`
--

INSERT INTO `users` (`id`, `name`, `email`, `password`, `role`, `created_at`) VALUES
(2, 'admin', 'admin@gmail.com', '$2y$10$ITPqwFI8Ofx4lyZiLiWdMOA6EuI/nXNl2qlUl8qItRR1DbjkKZlha', '1', '2022-12-21 05:50:15'),
(23, 'shubo', 'shubo@gmail.com', '$2y$10$OyY5oOfSXhzolalFiHhkpuTfEoQdF37CV6fgoE3DVV24/LvzIRolu', '1', '2022-12-29 05:51:22'),
(24, 'abcd', 'abcd@gmail.com', '$2y$10$OMqzsRwk4picY3ymz5/J9O9qJJqMyDNwUUODDpIsfnOGmjQ5GVJ0.', '1', '2022-12-29 05:54:45'),
(30, 'sojib', 'sojib@gmail.com', '$2y$10$2.HjuNkCltBYlvG.LVwdseTxbUXFpC3d35gAiJy6wj06HoqPsJExq', '2', '2022-12-30 12:19:24'),
(31, 'Ratul', 'ratul@gmail.com', '$2y$10$d0T80drj6UGEHAtfml9cROq/GbEzRmIbCVhN9QDIAw4IWC0I42g7q', '1', '2023-01-07 18:12:03');

--
-- Indexes for dumped tables
--

--
-- Indexes for table `categories`
--
ALTER TABLE `categories`
  ADD PRIMARY KEY (`id`),
  ADD UNIQUE KEY `name` (`name`);

--
-- Indexes for table `orderdetails`
--
ALTER TABLE `orderdetails`
  ADD PRIMARY KEY (`id`),
  ADD KEY `order_id` (`order_id`),
  ADD KEY `product_id` (`product_id`);

--
-- Indexes for table `orders`
--
ALTER TABLE `orders`
  ADD PRIMARY KEY (`id`),
  ADD KEY `user_id` (`user_id`);

--
-- Indexes for table `products`
--
ALTER TABLE `products`
  ADD PRIMARY KEY (`id`),
  ADD UNIQUE KEY `sku` (`sku`),
  ADD KEY `category_id` (`category_id`),
  ADD KEY `subcategory_id` (`subcategory_id`);

--
-- Indexes for table `subcategories`
--
ALTER TABLE `subcategories`
  ADD PRIMARY KEY (`id`),
  ADD KEY `category_id` (`category_id`);

--
-- Indexes for table `users`
--
ALTER TABLE `users`
  ADD PRIMARY KEY (`id`),
  ADD UNIQUE KEY `email` (`email`);

--
-- AUTO_INCREMENT for dumped tables
--

--
-- AUTO_INCREMENT for table `categories`
--
ALTER TABLE `categories`
  MODIFY `id` int(11) NOT NULL AUTO_INCREMENT, AUTO_INCREMENT=11;

--
-- AUTO_INCREMENT for table `orderdetails`
--
ALTER TABLE `orderdetails`
  MODIFY `id` int(11) NOT NULL AUTO_INCREMENT, AUTO_INCREMENT=442;

--
-- AUTO_INCREMENT for table `orders`
--
ALTER TABLE `orders`
  MODIFY `id` int(11) NOT NULL AUTO_INCREMENT, AUTO_INCREMENT=256;

--
-- AUTO_INCREMENT for table `products`
--
ALTER TABLE `products`
  MODIFY `id` int(11) NOT NULL AUTO_INCREMENT, AUTO_INCREMENT=16;

--
-- AUTO_INCREMENT for table `subcategories`
--
ALTER TABLE `subcategories`
  MODIFY `id` int(11) NOT NULL AUTO_INCREMENT, AUTO_INCREMENT=9;

--
-- AUTO_INCREMENT for table `users`
--
ALTER TABLE `users`
  MODIFY `id` int(11) NOT NULL AUTO_INCREMENT, AUTO_INCREMENT=32;

--
-- Constraints for dumped tables
--

--
-- Constraints for table `orderdetails`
--
ALTER TABLE `orderdetails`
  ADD CONSTRAINT `orderdetails_ibfk_1` FOREIGN KEY (`order_id`) REFERENCES `orders` (`id`),
  ADD CONSTRAINT `orderdetails_ibfk_2` FOREIGN KEY (`product_id`) REFERENCES `products` (`id`);

--
-- Constraints for table `orders`
--
ALTER TABLE `orders`
  ADD CONSTRAINT `orders_ibfk_1` FOREIGN KEY (`user_id`) REFERENCES `users` (`id`);

--
-- Constraints for table `products`
--
ALTER TABLE `products`
  ADD CONSTRAINT `products_ibfk_1` FOREIGN KEY (`category_id`) REFERENCES `categories` (`id`),
  ADD CONSTRAINT `products_ibfk_2` FOREIGN KEY (`subcategory_id`) REFERENCES `subcategories` (`id`);

--
-- Constraints for table `subcategories`
--
ALTER TABLE `subcategories`
  ADD CONSTRAINT `subcategories_ibfk_1` FOREIGN KEY (`category_id`) REFERENCES `categories` (`id`);
COMMIT;

/*!40101 SET CHARACTER_SET_CLIENT=@OLD_CHARACTER_SET_CLIENT */;
/*!40101 SET CHARACTER_SET_RESULTS=@OLD_CHARACTER_SET_RESULTS */;
/*!40101 SET COLLATION_CONNECTION=@OLD_COLLATION_CONNECTION */;
